-- phpMyAdmin SQL Dump
-- version 5.2.1
-- https://www.phpmyadmin.net/
--
-- Host: 127.0.0.1
-- Generation Time: Jun 15, 2025 at 10:28 PM
-- Server version: 10.4.32-MariaDB
-- PHP Version: 8.1.25

SET SQL_MODE = "NO_AUTO_VALUE_ON_ZERO";
START TRANSACTION;
SET time_zone = "+00:00";


/*!40101 SET @OLD_CHARACTER_SET_CLIENT=@@CHARACTER_SET_CLIENT */;
/*!40101 SET @OLD_CHARACTER_SET_RESULTS=@@CHARACTER_SET_RESULTS */;
/*!40101 SET @OLD_COLLATION_CONNECTION=@@COLLATION_CONNECTION */;
/*!40101 SET NAMES utf8mb4 */;

--
-- Database: `gmao_db`
--

-- --------------------------------------------------------

--
-- Table structure for table `cartes`
--

CREATE TABLE `cartes` (
  `id` bigint(20) UNSIGNED NOT NULL,
  `ID_RAK` bigint(20) UNSIGNED NOT NULL,
  `REFERENCE_CARTE` varchar(225) NOT NULL,
  `NOM_CARTE` varchar(225) NOT NULL,
  `STATU_CARTE` enum('fonctionnel','en panne','en maintenance','hors service') NOT NULL,
  `created_at` timestamp NULL DEFAULT NULL,
  `updated_at` timestamp NULL DEFAULT NULL
) ENGINE=InnoDB DEFAULT CHARSET=utf8mb4 COLLATE=utf8mb4_unicode_ci;

--
-- Dumping data for table `cartes`
--

INSERT INTO `cartes` (`id`, `ID_RAK`, `REFERENCE_CARTE`, `NOM_CARTE`, `STATU_CARTE`, `created_at`, `updated_at`) VALUES
(5, 4, 'EL 07-00182', 'COM-G', 'fonctionnel', '2025-06-15 13:31:31', '2025-06-15 18:48:24'),
(6, 4, 'CL 072691781', 'MAU-G', 'fonctionnel', '2025-06-15 13:35:21', '2025-06-15 18:48:33'),
(7, 4, 'ICT 4604167', 'AUSN-G', 'fonctionnel', '2025-06-15 13:36:31', '2025-06-15 18:48:50'),
(8, 6, 'EL 06-00215', 'COM-G', 'fonctionnel', '2025-06-15 13:37:20', '2025-06-15 18:48:58'),
(9, 6, 'CL 04358133', 'MAU-G', 'fonctionnel', '2025-06-15 13:38:32', '2025-06-15 18:49:04'),
(10, 6, 'EP 1205023', 'AUSN-G', 'fonctionnel', '2025-06-15 13:39:39', '2025-06-15 18:49:10'),
(11, 8, 'EP 0506109', 'COM-G', 'fonctionnel', '2025-06-15 13:40:38', '2025-06-15 18:49:28'),
(12, 8, 'CL 082691009', 'MAU-G', 'fonctionnel', '2025-06-15 13:41:15', '2025-06-15 18:49:39'),
(13, 8, 'EP 0506142', 'AUSN-G', 'fonctionnel', '2025-06-15 13:41:53', '2025-06-15 18:49:49'),
(14, 10, 'EL 07-00233', 'COM-G', 'fonctionnel', '2025-06-15 13:43:06', '2025-06-15 18:49:56'),
(15, 10, 'EL 00-00425', 'MAU-G', 'fonctionnel', '2025-06-15 13:43:40', '2025-06-15 18:50:28'),
(16, 10, 'ICT 0505326', 'AUSN-G', 'fonctionnel', '2025-06-15 13:44:21', '2025-06-15 18:50:37'),
(17, 12, 'EL 07-00234', 'COM-G', 'fonctionnel', '2025-06-15 13:47:24', '2025-06-15 18:51:04'),
(18, 12, 'SCK 00-00-090006', 'MAU-G', 'fonctionnel', '2025-06-15 13:48:37', '2025-06-15 18:51:27'),
(19, 12, 'EP 0506089', 'AUSN-G', 'fonctionnel', '2025-06-15 13:49:05', '2025-06-15 18:51:36'),
(20, 14, '400775066', 'COM-G', 'fonctionnel', '2025-06-15 13:51:13', '2025-06-15 18:51:55'),
(21, 14, 'EL 00-00117', 'MAU-G', 'fonctionnel', '2025-06-15 13:51:31', '2025-06-15 18:52:22'),
(22, 14, 'ICT 2105005', 'AUSN-G', 'fonctionnel', '2025-06-15 13:52:03', '2025-06-15 18:52:34'),
(23, 16, 'EP 2306055', 'COM-G', 'fonctionnel', '2025-06-15 13:52:43', '2025-06-15 18:52:41'),
(24, 16, 'EL 00-00178', 'MAU-G', 'fonctionnel', '2025-06-15 13:53:16', '2025-06-15 18:52:49'),
(25, 16, 'SCK 05-00-090024', 'AUSN-G', 'fonctionnel', '2025-06-15 13:53:44', '2025-06-15 18:53:05'),
(26, 18, 'EP 0905010', 'COM-G', 'fonctionnel', '2025-06-15 13:54:19', '2025-06-15 18:53:13'),
(27, 18, 'CL 073790051', 'MAU-G', 'fonctionnel', '2025-06-15 13:57:01', '2025-06-15 18:53:20'),
(28, 18, 'EP 1205092', 'AUSN-G', 'fonctionnel', '2025-06-15 13:57:42', '2025-06-15 18:53:27'),
(29, 20, 'CL 030514076', 'COM-G', 'fonctionnel', '2025-06-15 13:59:35', '2025-06-15 18:53:35'),
(30, 20, 'GEBI-07-11-0002', 'MAU-G', 'fonctionnel', '2025-06-15 14:00:51', '2025-06-15 18:53:42'),
(31, 20, 'EP 0505332', 'AUSN-G', 'fonctionnel', '2025-06-15 14:01:15', '2025-06-15 18:53:51'),
(32, 22, 'CL 050802250', 'COM-G', 'fonctionnel', '2025-06-15 14:03:26', '2025-06-15 18:54:01'),
(33, 22, 'EL 05-00001', 'MAU-G', 'fonctionnel', '2025-06-15 14:03:49', '2025-06-15 18:54:18'),
(34, 22, 'EP 1205022', 'AUSN-G', 'fonctionnel', '2025-06-15 14:05:01', '2025-06-15 18:54:26'),
(35, 24, 'SCK 06-00-080140', 'COM-G', 'fonctionnel', '2025-06-15 14:05:18', '2025-06-15 18:54:37'),
(36, 24, 'SAT 22/10', 'MAU-G', 'fonctionnel', '2025-06-15 14:05:49', '2025-06-15 18:54:44'),
(37, 24, 'EP 4007062', 'AUSN-G', 'fonctionnel', '2025-06-15 14:06:22', '2025-06-15 18:54:50'),
(38, 26, 'EL 07-00231', 'COM-G', 'fonctionnel', '2025-06-15 14:07:12', '2025-06-15 18:55:01'),
(39, 26, 'EL 00-00182', 'MAU-G', 'fonctionnel', '2025-06-15 14:07:46', '2025-06-15 18:55:16'),
(40, 26, 'EP 4705060', 'AUSN-G', 'fonctionnel', '2025-06-15 14:08:14', '2025-06-15 18:55:22'),
(41, 28, 'CL 044614354', 'COM-G', 'fonctionnel', '2025-06-15 14:09:12', '2025-06-15 18:55:29'),
(42, 28, 'CL 043908499', 'MAU-G', 'fonctionnel', '2025-06-15 14:09:41', '2025-06-15 18:55:37'),
(43, 28, 'EP 4705053', 'AUSN-G', 'fonctionnel', '2025-06-15 14:10:27', '2025-06-15 18:55:45'),
(44, 30, 'SCK 06-00-080228', 'COM-G', 'fonctionnel', '2025-06-15 14:11:18', '2025-06-15 18:55:55'),
(45, 30, 'CL 073790072', 'MAU-G', 'fonctionnel', '2025-06-15 14:12:07', '2025-06-15 18:56:08'),
(46, 30, 'EP 0505124', 'AUSN-G', 'fonctionnel', '2025-06-15 14:12:57', '2025-06-15 18:57:17'),
(47, 32, 'EP 0805006', 'COM-G', 'fonctionnel', '2025-06-15 14:13:29', '2025-06-15 18:57:24'),
(48, 32, 'SCK 00-00-080011', 'MAU-G', 'fonctionnel', '2025-06-15 14:13:56', '2025-06-15 18:57:31'),
(49, 32, 'ICT 0505302', 'AUSN-G', 'fonctionnel', '2025-06-15 14:14:25', '2025-06-15 18:57:38'),
(50, 34, 'EL 07-00230', 'COM-G', 'fonctionnel', '2025-06-15 14:14:56', '2025-06-15 18:57:48'),
(51, 34, 'CL 072691653', 'MAU-G', 'fonctionnel', '2025-06-15 14:15:44', '2025-06-15 18:57:56'),
(52, 34, 'ICT 0505321', 'AUSN-G', 'fonctionnel', '2025-06-15 14:16:24', '2025-06-15 18:58:06'),
(53, 36, 'EP 1405011', 'COM-G', 'fonctionnel', '2025-06-15 14:16:59', '2025-06-15 18:58:38'),
(54, 36, 'SCK 00-00-090023', 'MAU-G', 'fonctionnel', '2025-06-15 14:17:36', '2025-06-15 18:58:45'),
(55, 36, 'EP 47507110', 'AUSN-G', 'fonctionnel', '2025-06-15 14:18:09', '2025-06-15 18:58:57'),
(56, 38, 'CL 0524201214', 'COM-G', 'fonctionnel', '2025-06-15 14:22:59', '2025-06-15 18:59:04'),
(57, 38, 'GEBI-18-11-00013', 'MAU-G', 'fonctionnel', '2025-06-15 14:23:37', '2025-06-15 18:59:11'),
(58, 38, 'EP 0505355', 'AUSN-G', 'fonctionnel', '2025-06-15 14:24:07', '2025-06-15 18:59:21'),
(59, 40, 'SCK 06-00-100028', 'COM-G', 'fonctionnel', '2025-06-15 14:24:33', '2025-06-15 19:00:08'),
(60, 40, 'AC 04210417', 'MAU-G', 'fonctionnel', '2025-06-15 14:25:03', '2025-06-15 19:00:16'),
(61, 40, 'EP 4307105', 'AUSN-G', 'fonctionnel', '2025-06-15 14:25:26', '2025-06-15 19:00:34'),
(62, 4, 'SCK 06-AN-130034', 'COM-D', 'fonctionnel', '2025-06-15 14:30:13', '2025-06-15 14:30:13'),
(63, 4, 'CL 073790032', 'MAU-D', 'fonctionnel', '2025-06-15 14:31:05', '2025-06-15 14:31:05'),
(64, 4, 'EP 0505356', 'AUSN-D', 'fonctionnel', '2025-06-15 14:31:44', '2025-06-15 14:31:44'),
(65, 6, 'EP 2208037', 'COM-D', 'fonctionnel', '2025-06-15 14:32:28', '2025-06-15 14:32:28'),
(66, 6, 'CL 043908782', 'MAU-D', 'fonctionnel', '2025-06-15 14:33:05', '2025-06-15 14:33:15'),
(67, 6, 'ICT 4405012', 'AUSN-D', 'fonctionnel', '2025-06-15 14:33:42', '2025-06-15 14:33:42'),
(68, 8, 'EP 2208032', 'COM-D', 'fonctionnel', '2025-06-15 14:35:08', '2025-06-15 14:35:08'),
(69, 8, 'CL 030511176', 'MAU-D', 'fonctionnel', '2025-06-15 14:35:49', '2025-06-15 14:35:49'),
(70, 8, 'EP 1205088', 'AUSN-D', 'fonctionnel', '2025-06-15 14:36:33', '2025-06-15 14:36:33'),
(71, 10, 'EL 07-00223', 'COM-D', 'fonctionnel', '2025-06-15 14:37:05', '2025-06-15 14:37:05'),
(72, 10, 'EL 00-00183', 'MAU-D', 'fonctionnel', '2025-06-15 14:37:30', '2025-06-15 14:37:30'),
(73, 10, 'SCK 05-AN-130046', 'AUSN-D', 'fonctionnel', '2025-06-15 14:37:59', '2025-06-15 14:37:59'),
(74, 12, 'EL 07-00222', 'COM-D', 'fonctionnel', '2025-06-15 14:38:35', '2025-06-15 14:38:35'),
(75, 12, 'EL 00-00730', 'MAU-D', 'fonctionnel', '2025-06-15 14:39:18', '2025-06-15 14:39:30'),
(76, 12, 'ICT 4604011', 'AUSN-D', 'fonctionnel', '2025-06-15 14:40:07', '2025-06-15 14:40:07'),
(77, 14, 'SCK 06-00-080019', 'COM-D', 'fonctionnel', '2025-06-15 14:40:39', '2025-06-15 14:40:39'),
(78, 14, 'CL 054700771', 'MAU-D', 'fonctionnel', '2025-06-15 14:49:50', '2025-06-15 14:49:50'),
(79, 14, 'ICT 2105004', 'AUSN-D', 'fonctionnel', '2025-06-15 14:50:32', '2025-06-15 14:50:32'),
(80, 16, 'EP 2305005', 'COM-D', 'fonctionnel', '2025-06-15 14:51:39', '2025-06-15 14:51:39'),
(81, 16, 'EL 00-00009', 'MAU-D', 'fonctionnel', '2025-06-15 14:52:34', '2025-06-15 14:52:34'),
(82, 16, 'SCK 05-00-080027', 'AUSN-D', 'fonctionnel', '2025-06-15 14:53:29', '2025-06-15 14:53:29'),
(83, 18, 'CL 033602431', 'COM-D', 'fonctionnel', '2025-06-15 14:55:39', '2025-06-15 14:55:39'),
(84, 18, 'CL 05083424', 'MAU-D', 'fonctionnel', '2025-06-15 14:56:05', '2025-06-15 14:56:05'),
(85, 18, 'SCK 05-AN-130037', 'AUSN-D', 'fonctionnel', '2025-06-15 14:57:05', '2025-06-15 14:57:05'),
(86, 20, 'CL 031911374', 'COM-D', 'fonctionnel', '2025-06-15 14:57:47', '2025-06-15 14:57:47'),
(87, 20, 'GEBI-18-11-00002', 'MAU-D', 'fonctionnel', '2025-06-15 14:58:19', '2025-06-15 14:58:27'),
(88, 20, 'EP 4305095', 'AUSN-D', 'fonctionnel', '2025-06-15 14:59:19', '2025-06-15 14:59:19'),
(89, 22, '00011', 'COM-D', 'fonctionnel', '2025-06-15 15:06:44', '2025-06-15 15:06:44'),
(90, 22, 'CL 054700746', 'MAU-D', 'fonctionnel', '2025-06-15 15:08:11', '2025-06-15 15:08:11'),
(91, 22, 'EP 1205113', 'AUSN-D', 'fonctionnel', '2025-06-15 15:10:37', '2025-06-15 15:10:37'),
(92, 24, 'EP 2208029', 'COM-D', 'fonctionnel', '2025-06-15 15:11:06', '2025-06-15 15:11:06'),
(93, 24, 'EL 05-00031', 'MAU-D', 'fonctionnel', '2025-06-15 15:11:51', '2025-06-15 15:11:51'),
(94, 24, 'SCK 05-00-080099', 'AUSN-D', 'fonctionnel', '2025-06-15 15:12:31', '2025-06-15 15:12:31'),
(95, 26, 'EL 07-00353', 'COM-D', 'fonctionnel', '2025-06-15 15:13:17', '2025-06-15 15:13:17'),
(96, 26, 'EL 00-00415', 'MAU-D', 'fonctionnel', '2025-06-15 15:13:56', '2025-06-15 15:13:56'),
(97, 26, 'EP 4307104', 'AUSN-D', 'fonctionnel', '2025-06-15 15:14:29', '2025-06-15 15:14:29'),
(98, 28, 'SCK 06-00-080179', 'COM-D', 'fonctionnel', '2025-06-15 15:15:26', '2025-06-15 15:15:26'),
(99, 28, 'CL 051221695', 'MAU-D', 'fonctionnel', '2025-06-15 15:16:14', '2025-06-15 15:16:14'),
(100, 28, 'EP 4705054', 'AUSN-D', 'fonctionnel', '2025-06-15 15:16:45', '2025-06-15 15:16:45'),
(101, 30, 'AC 04210414', 'COM-D', 'fonctionnel', '2025-06-15 15:17:30', '2025-06-15 15:17:30'),
(102, 30, 'CL 073790030', 'MAU-D', 'fonctionnel', '2025-06-15 15:18:06', '2025-06-15 15:18:06'),
(103, 30, 'EP 3405182', 'AUSN-D', 'fonctionnel', '2025-06-15 15:19:19', '2025-06-15 15:19:19'),
(104, 32, 'CL 044614355', 'COM-D', 'fonctionnel', '2025-06-15 15:19:55', '2025-06-15 15:19:55'),
(105, 32, 'CL 073790052', 'MAU-D', 'fonctionnel', '2025-06-15 15:20:34', '2025-06-15 15:20:34'),
(106, 32, 'EP 0505107', 'AUSN-D', 'fonctionnel', '2025-06-15 15:21:28', '2025-06-15 15:21:28'),
(107, 34, 'EP 2208033', 'COM-D', 'fonctionnel', '2025-06-15 15:22:26', '2025-06-15 15:22:26'),
(108, 34, 'CL 073790061', 'MAU-D', 'fonctionnel', '2025-06-15 15:23:50', '2025-06-15 15:23:50'),
(109, 34, 'EP 1205009', 'AUSN-D', 'fonctionnel', '2025-06-15 15:24:32', '2025-06-15 15:24:32'),
(110, 36, 'CL 033602437', 'COM-D', 'fonctionnel', '2025-06-15 15:25:05', '2025-06-15 15:25:05'),
(111, 36, 'CL 051221734', 'MAU-D', 'fonctionnel', '2025-06-15 15:25:58', '2025-06-15 15:26:23'),
(112, 36, 'EP 1205110', 'AUSN-D', 'fonctionnel', '2025-06-15 15:27:04', '2025-06-15 15:27:04'),
(113, 38, 'CL 031911372', 'COM-D', 'fonctionnel', '2025-06-15 15:27:46', '2025-06-15 15:27:46'),
(114, 38, 'GEBI-07-11-0001', 'MAU-D', 'fonctionnel', '2025-06-15 15:28:18', '2025-06-15 15:28:18'),
(115, 38, 'EP 1205005', 'AUSN-D', 'fonctionnel', '2025-06-15 15:29:30', '2025-06-15 15:29:30'),
(116, 40, '170983', 'COM-D', 'fonctionnel', '2025-06-15 15:30:05', '2025-06-15 15:30:05'),
(117, 40, 'GEBI 27-11-0004', 'MAU-D', 'fonctionnel', '2025-06-15 15:31:21', '2025-06-15 15:31:21'),
(118, 40, 'EP 1205106', 'AUSN-D', 'fonctionnel', '2025-06-15 15:31:52', '2025-06-15 15:31:52'),
(119, 5, 'EL 07-00255', 'COM-G', 'fonctionnel', '2025-06-15 15:39:12', '2025-06-15 15:39:12'),
(120, 5, 'CL 072691827', 'MAU-G', 'fonctionnel', '2025-06-15 15:40:55', '2025-06-15 15:40:55'),
(121, 5, 'SCK 05-0T-120030', 'AUSN-G', 'fonctionnel', '2025-06-15 15:41:22', '2025-06-15 15:41:22'),
(122, 7, 'EL 07-00952', 'COM-G', 'fonctionnel', '2025-06-15 15:41:54', '2025-06-15 15:42:07'),
(123, 7, 'CL 043080774', 'MAU-G', 'fonctionnel', '2025-06-15 15:42:35', '2025-06-15 15:42:35'),
(124, 7, 'ICT 4405001', 'AUSN-G', 'fonctionnel', '2025-06-15 15:43:01', '2025-06-15 15:43:01'),
(125, 9, '00026', 'COM-G', 'fonctionnel', '2025-06-15 15:44:07', '2025-06-15 15:44:07'),
(126, 9, 'EL 00-00587', 'MAU-G', 'fonctionnel', '2025-06-15 16:42:08', '2025-06-15 16:42:08'),
(127, 9, 'ICT 0505324', 'AUSN-G', 'fonctionnel', '2025-06-15 16:43:03', '2025-06-15 16:43:03'),
(128, 11, 'EP 0506107', 'COM-G', 'fonctionnel', '2025-06-15 16:43:42', '2025-06-15 16:43:42'),
(129, 11, 'SCK 05-AN-140028', 'MAU-G', 'fonctionnel', '2025-06-15 16:45:26', '2025-06-15 16:45:26'),
(130, 11, 'EP 1205094', 'AUSN-G', 'fonctionnel', '2025-06-15 16:47:33', '2025-06-15 16:48:14'),
(131, 13, 'EP 0805012', 'COM-G', 'fonctionnel', '2025-06-15 16:48:02', '2025-06-15 16:48:02'),
(132, 13, 'EL 05-00032', 'MAU-G', 'fonctionnel', '2025-06-15 16:48:49', '2025-06-15 16:48:49'),
(133, 13, 'ICT 4704033', 'AUSN-G', 'fonctionnel', '2025-06-15 16:49:19', '2025-06-15 16:49:19'),
(134, 15, 'CL 044614351', 'COM-G', 'fonctionnel', '2025-06-15 16:49:59', '2025-06-15 16:49:59'),
(135, 15, 'CL 054700778', 'MAU-G', 'fonctionnel', '2025-06-15 16:50:23', '2025-06-15 16:50:23'),
(136, 15, 'EP 1707463', 'AUSN-G', 'fonctionnel', '2025-06-15 16:50:51', '2025-06-15 16:50:51'),
(137, 17, '00008', 'COM-G', 'fonctionnel', '2025-06-15 16:51:46', '2025-06-15 16:51:46'),
(138, 17, 'CL 072691737', 'MAU-G', 'fonctionnel', '2025-06-15 16:52:12', '2025-06-15 16:52:12'),
(139, 17, 'EP 0506141', 'AUSN-G', 'fonctionnel', '2025-06-15 16:52:52', '2025-06-15 16:52:52'),
(140, 19, 'SCK 06-AN-130029', 'COM-G', 'fonctionnel', '2025-06-15 16:53:23', '2025-06-15 16:53:23'),
(141, 19, 'CL 073790071', 'MAU-G', 'fonctionnel', '2025-06-15 16:53:47', '2025-06-15 16:53:47'),
(142, 19, 'ICT 0505323', 'AUSN-G', 'fonctionnel', '2025-06-15 16:54:28', '2025-06-15 16:54:28'),
(143, 21, 'CL 031911343', 'COM-G', 'fonctionnel', '2025-06-15 16:55:00', '2025-06-15 16:55:00'),
(144, 21, 'AC 04210418', 'MAU-G', 'fonctionnel', '2025-06-15 16:55:38', '2025-06-15 16:55:55'),
(145, 21, 'SCK 05-AN-130038', 'AUSN-G', 'fonctionnel', '2025-06-15 16:56:21', '2025-06-15 16:56:21'),
(146, 23, '060331794', 'COM-G', 'fonctionnel', '2025-06-15 16:57:16', '2025-06-15 16:57:16'),
(147, 23, 'SCK 05-00-100013', 'MAU-G', 'fonctionnel', '2025-06-15 16:57:42', '2025-06-15 16:57:42'),
(148, 23, 'EP 4807048', 'AUSN-G', 'fonctionnel', '2025-06-15 16:58:07', '2025-06-15 16:58:07'),
(149, 25, 'EP 2505009', 'COM-G', 'fonctionnel', '2025-06-15 16:58:30', '2025-06-15 16:58:30'),
(150, 25, 'CL 072691813', 'MAU-G', 'fonctionnel', '2025-06-15 16:58:58', '2025-06-15 16:58:58'),
(151, 25, 'SCK 05-OT-130047', 'AUSN-G', 'fonctionnel', '2025-06-15 17:02:00', '2025-06-15 17:02:11'),
(152, 27, 'EL 07-00232', 'COM-G', 'fonctionnel', '2025-06-15 17:03:00', '2025-06-15 17:03:00'),
(153, 27, 'EL 00-00734', 'MAU-G', 'fonctionnel', '2025-06-15 17:03:32', '2025-06-15 17:03:58'),
(154, 27, 'EP 3405200', 'AUSN-G', 'fonctionnel', '2025-06-15 17:04:29', '2025-06-15 17:04:29'),
(155, 29, 'SCK 06-AN-130037', 'COM-G', 'fonctionnel', '2025-06-15 17:05:23', '2025-06-15 17:05:23'),
(156, 29, 'CL 050803533', 'MAU-G', 'fonctionnel', '2025-06-15 17:05:58', '2025-06-15 17:05:58'),
(157, 29, 'EP 4305098', 'AUSN-G', 'fonctionnel', '2025-06-15 17:06:24', '2025-06-15 17:06:24'),
(158, 31, 'EP 1005014', 'COM-G', 'fonctionnel', '2025-06-15 17:07:03', '2025-06-15 17:07:03'),
(159, 31, 'CL 073790094', 'MAU-G', 'fonctionnel', '2025-06-15 17:07:55', '2025-06-15 17:07:55'),
(160, 31, 'EP 4705055103', 'AUSN-G', 'fonctionnel', '2025-06-15 17:08:26', '2025-06-15 17:08:26'),
(161, 33, 'SAT 22-45', 'COM-G', 'fonctionnel', '2025-06-15 17:08:56', '2025-06-15 17:08:56'),
(162, 33, 'EP 2811080', 'MAU-G', 'fonctionnel', '2025-06-15 17:09:24', '2025-06-15 17:09:24'),
(163, 33, 'EP 0505103', 'AUSN-G', 'fonctionnel', '2025-06-15 17:09:57', '2025-06-15 17:09:57'),
(164, 35, 'SAT 22/43', 'COM-G', 'fonctionnel', '2025-06-15 17:10:33', '2025-06-15 17:10:33'),
(165, 35, 'CL 072691791', 'MAU-G', 'fonctionnel', '2025-06-15 17:11:02', '2025-06-15 17:11:02'),
(166, 35, 'EP 0500140', 'AUSN-G', 'fonctionnel', '2025-06-15 17:11:40', '2025-06-15 17:11:57'),
(167, 37, '2918700', 'COM-G', 'fonctionnel', '2025-06-15 17:12:55', '2025-06-15 17:12:55'),
(168, 37, '27122003', 'MAU-G', 'fonctionnel', '2025-06-15 17:13:24', '2025-06-15 17:13:24'),
(169, 37, 'EP 4007059', 'AUSN-G', 'fonctionnel', '2025-06-15 17:14:01', '2025-06-15 17:14:01'),
(170, 39, 'SCK 06-00-080202', 'COM-G', 'fonctionnel', '2025-06-15 17:14:59', '2025-06-15 17:14:59'),
(171, 39, 'AC 04210419', 'MAU-G', 'fonctionnel', '2025-06-15 17:15:27', '2025-06-15 17:15:27'),
(172, 39, 'ICT 2105015', 'AUSN-G', 'fonctionnel', '2025-06-15 17:16:03', '2025-06-15 17:16:03'),
(173, 41, 'EP 2911224', 'COM-G', 'fonctionnel', '2025-06-15 17:16:28', '2025-06-15 17:16:28'),
(174, 41, 'CL 044613680', 'MAU-G', 'fonctionnel', '2025-06-15 17:16:52', '2025-06-15 17:16:52'),
(175, 41, 'SCK 05-OT-120026', 'AUSN-G', 'fonctionnel', '2025-06-15 17:17:16', '2025-06-15 17:17:48'),
(176, 5, 'CL 044614353', 'COM-D', 'fonctionnel', '2025-06-15 17:18:22', '2025-06-15 17:18:22'),
(177, 5, 'CL 043190100', 'MAU-D', 'fonctionnel', '2025-06-15 17:19:05', '2025-06-15 17:19:05'),
(178, 5, 'EP 4305099', 'AUSN-D', 'fonctionnel', '2025-06-15 17:19:45', '2025-06-15 17:19:55'),
(179, 7, '35071811', 'COM-D', 'fonctionnel', '2025-06-15 17:20:25', '2025-06-15 17:21:15'),
(180, 7, 'SCK 00-080085', 'MAU-D', 'fonctionnel', '2025-06-15 17:21:03', '2025-06-15 17:21:23'),
(181, 7, 'EP 0506087', 'AUSN-D', 'fonctionnel', '2025-06-15 17:21:50', '2025-06-15 17:21:50'),
(182, 9, 'EP 0206004', 'COM-D', 'fonctionnel', '2025-06-15 17:22:23', '2025-06-15 17:22:23'),
(183, 9, 'CL 054700763', 'MAU-D', 'fonctionnel', '2025-06-15 18:02:33', '2025-06-15 18:08:41'),
(184, 9, 'ICT 4405002', 'AUSN-D', 'fonctionnel', '2025-06-15 18:03:23', '2025-06-15 18:08:53'),
(185, 11, 'EP 4005004', 'COM-D', 'fonctionnel', '2025-06-15 18:04:01', '2025-06-15 18:09:12'),
(186, 11, 'CL 083890407', 'MAU-D', 'fonctionnel', '2025-06-15 18:04:33', '2025-06-15 18:09:20'),
(187, 11, 'ICT 2105011', 'AUSN-D', 'fonctionnel', '2025-06-15 18:05:01', '2025-06-15 18:09:28'),
(188, 13, 'EP 0805008', 'COM-D', 'fonctionnel', '2025-06-15 18:06:40', '2025-06-15 18:09:36'),
(189, 13, 'EL 05-00023', 'MAU-D', 'fonctionnel', '2025-06-15 18:07:31', '2025-06-15 18:14:08'),
(190, 13, 'EP 3405178', 'AUSN-D', 'fonctionnel', '2025-06-15 18:14:37', '2025-06-15 18:14:37'),
(191, 15, 'CL 050802275', 'COM-D', 'fonctionnel', '2025-06-15 18:15:21', '2025-06-15 18:15:21'),
(192, 15, 'CL 073790045', 'MAU-D', 'fonctionnel', '2025-06-15 18:15:43', '2025-06-15 18:15:43'),
(193, 15, 'SCK 05-AN-130080', 'AUSN-D', 'fonctionnel', '2025-06-15 18:17:04', '2025-06-15 18:17:04'),
(194, 17, 'EL 07-00239', 'COM-D', 'fonctionnel', '2025-06-15 18:17:32', '2025-06-15 18:17:32'),
(195, 17, 'EL 00-00186', 'MAU-D', 'fonctionnel', '2025-06-15 18:18:06', '2025-06-15 18:18:06'),
(196, 17, 'EP 4007063', 'AUSN-D', 'fonctionnel', '2025-06-15 18:18:34', '2025-06-15 18:18:34'),
(197, 19, 'EP 2306062', 'COM-D', 'fonctionnel', '2025-06-15 18:19:26', '2025-06-15 18:19:26'),
(198, 19, '24992712', 'MAU-D', 'fonctionnel', '2025-06-15 18:19:55', '2025-06-15 18:19:55'),
(199, 19, 'ICT 2105013', 'AUSN-D', 'fonctionnel', '2025-06-15 18:20:23', '2025-06-15 18:20:23'),
(200, 21, 'EP 3705043', 'COM-D', 'fonctionnel', '2025-06-15 18:20:53', '2025-06-15 18:20:53'),
(201, 21, 'CL 091590203', 'MAU-D', 'fonctionnel', '2025-06-15 18:21:19', '2025-06-15 18:21:19'),
(202, 21, 'EP 1205087', 'AUSN-D', 'fonctionnel', '2025-06-15 18:22:07', '2025-06-15 18:22:07'),
(203, 23, 'CL 030514051', 'COM-D', 'fonctionnel', '2025-06-15 18:22:31', '2025-06-15 18:22:31'),
(204, 23, 'SCK 05-00-100003', 'MAU-D', 'fonctionnel', '2025-06-15 18:23:00', '2025-06-15 18:23:00'),
(205, 23, 'EP 1007030', 'AUSN-D', 'fonctionnel', '2025-06-15 18:23:31', '2025-06-15 18:23:31'),
(206, 25, 'EP 2208039', 'COM-D', 'fonctionnel', '2025-06-15 18:24:02', '2025-06-15 18:24:02'),
(207, 25, 'AC 04210415', 'MAU-D', 'fonctionnel', '2025-06-15 18:29:38', '2025-06-15 18:29:38'),
(208, 25, '1205086', 'AUSN-D', 'fonctionnel', '2025-06-15 18:29:57', '2025-06-15 18:29:57'),
(209, 27, 'EP 2505002', 'COM-D', 'fonctionnel', '2025-06-15 18:30:30', '2025-06-15 18:30:30'),
(210, 27, 'CL 072691793', 'MAU-D', 'fonctionnel', '2025-06-15 18:30:54', '2025-06-15 18:30:54'),
(211, 27, 'EP 4007060', 'AUSN-D', 'fonctionnel', '2025-06-15 18:31:21', '2025-06-15 18:31:21'),
(212, 29, 'EP 3705040', 'COM-D', 'fonctionnel', '2025-06-15 18:31:43', '2025-06-15 18:31:43'),
(213, 29, 'AC 04210416', 'MAU-D', 'fonctionnel', '2025-06-15 18:32:11', '2025-06-15 18:32:11'),
(214, 29, 'EP 1007027', 'AUSN-D', 'fonctionnel', '2025-06-15 18:33:02', '2025-06-15 18:33:02'),
(215, 31, 'EP 3705043', 'COM-D', 'fonctionnel', '2025-06-15 18:38:45', '2025-06-15 18:38:45'),
(216, 31, 'CL 091590203', 'MAU-D', 'fonctionnel', '2025-06-15 18:39:13', '2025-06-15 18:39:13'),
(217, 31, 'EP 1205087', 'AUSN-D', 'fonctionnel', '2025-06-15 18:39:46', '2025-06-15 18:39:46'),
(218, 33, 'CL 030514051', 'COM-D', 'fonctionnel', '2025-06-15 18:40:11', '2025-06-15 18:40:11'),
(219, 33, 'SCK 05-00-100003', 'MAU-D', 'fonctionnel', '2025-06-15 18:40:46', '2025-06-15 18:40:46'),
(220, 33, 'EP 1007030', 'AUSN-D', 'fonctionnel', '2025-06-15 18:41:07', '2025-06-15 18:41:07'),
(221, 35, 'EP 2208039', 'COM-D', 'fonctionnel', '2025-06-15 18:41:33', '2025-06-15 18:41:33'),
(222, 35, 'AC 04210415', 'MAU-D', 'fonctionnel', '2025-06-15 18:42:00', '2025-06-15 18:42:00'),
(223, 35, '1205086', 'AUSN-D', 'fonctionnel', '2025-06-15 18:42:25', '2025-06-15 18:42:25'),
(224, 37, 'EP 3705040', 'COM-D', 'fonctionnel', '2025-06-15 18:43:02', '2025-06-15 18:43:02'),
(225, 37, 'CL 072691793', 'MAU-D', 'fonctionnel', '2025-06-15 18:44:15', '2025-06-15 18:44:15'),
(226, 37, 'EP 4007060', 'AUSN-D', 'fonctionnel', '2025-06-15 18:44:44', '2025-06-15 18:44:44'),
(227, 39, 'EP 3705040', 'COM-D', 'fonctionnel', '2025-06-15 18:45:16', '2025-06-15 18:45:16'),
(228, 39, 'AC 04210416', 'MAU-D', 'fonctionnel', '2025-06-15 18:45:36', '2025-06-15 18:46:19'),
(229, 39, 'EP 1007027', 'AUSN-D', 'fonctionnel', '2025-06-15 18:46:02', '2025-06-15 18:46:02'),
(230, 41, 'EP 1306368', 'COM-D', 'fonctionnel', '2025-06-15 18:46:50', '2025-06-15 18:46:50'),
(231, 41, 'CL 024606774', 'MAU-D', 'fonctionnel', '2025-06-15 18:47:12', '2025-06-15 18:47:12'),
(232, 41, 'EP 4307098', 'AUSN-D', 'fonctionnel', '2025-06-15 18:47:31', '2025-06-15 18:47:31');

-- --------------------------------------------------------

--
-- Table structure for table `historique_cartes`
--

CREATE TABLE `historique_cartes` (
  `id` bigint(20) UNSIGNED NOT NULL,
  `ID_CARTE` bigint(20) UNSIGNED NOT NULL,
  `STATUS` enum('installee','retirée') NOT NULL,
  `created_at` timestamp NULL DEFAULT NULL,
  `updated_at` timestamp NULL DEFAULT NULL
) ENGINE=InnoDB DEFAULT CHARSET=utf8mb4 COLLATE=utf8mb4_unicode_ci;

--
-- Dumping data for table `historique_cartes`
--

INSERT INTO `historique_cartes` (`id`, `ID_CARTE`, `STATUS`, `created_at`, `updated_at`) VALUES
(5, 5, 'installee', '2025-06-15 13:31:31', '2025-06-15 13:31:31'),
(6, 6, 'installee', '2025-06-15 13:35:21', '2025-06-15 13:35:21'),
(7, 7, 'installee', '2025-06-15 13:36:31', '2025-06-15 13:36:31'),
(8, 8, 'installee', '2025-06-15 13:37:20', '2025-06-15 13:37:20'),
(9, 9, 'installee', '2025-06-15 13:38:32', '2025-06-15 13:38:32'),
(10, 10, 'installee', '2025-06-15 13:39:39', '2025-06-15 13:39:39'),
(11, 11, 'installee', '2025-06-15 13:40:38', '2025-06-15 13:40:38'),
(12, 12, 'installee', '2025-06-15 13:41:15', '2025-06-15 13:41:15'),
(13, 13, 'installee', '2025-06-15 13:41:53', '2025-06-15 13:41:53'),
(14, 14, 'installee', '2025-06-15 13:43:06', '2025-06-15 13:43:06'),
(15, 15, 'installee', '2025-06-15 13:43:40', '2025-06-15 13:43:40'),
(16, 16, 'installee', '2025-06-15 13:44:21', '2025-06-15 13:44:21'),
(17, 17, 'installee', '2025-06-15 13:47:24', '2025-06-15 13:47:24'),
(18, 18, 'installee', '2025-06-15 13:48:37', '2025-06-15 13:48:37'),
(19, 19, 'installee', '2025-06-15 13:49:05', '2025-06-15 13:49:05'),
(20, 20, 'installee', '2025-06-15 13:51:13', '2025-06-15 13:51:13'),
(21, 21, 'installee', '2025-06-15 13:51:31', '2025-06-15 13:51:31'),
(22, 22, 'installee', '2025-06-15 13:52:03', '2025-06-15 13:52:03'),
(23, 23, 'installee', '2025-06-15 13:52:43', '2025-06-15 13:52:43'),
(24, 24, 'installee', '2025-06-15 13:53:16', '2025-06-15 13:53:16'),
(25, 25, 'installee', '2025-06-15 13:53:44', '2025-06-15 13:53:44'),
(26, 26, 'installee', '2025-06-15 13:54:19', '2025-06-15 13:54:19'),
(27, 27, 'installee', '2025-06-15 13:57:01', '2025-06-15 13:57:01'),
(28, 28, 'installee', '2025-06-15 13:57:42', '2025-06-15 13:57:42'),
(29, 29, 'installee', '2025-06-15 13:59:35', '2025-06-15 13:59:35'),
(30, 30, 'installee', '2025-06-15 14:00:51', '2025-06-15 14:00:51'),
(31, 31, 'installee', '2025-06-15 14:01:15', '2025-06-15 14:01:15'),
(32, 32, 'installee', '2025-06-15 14:03:26', '2025-06-15 14:03:26'),
(33, 33, 'installee', '2025-06-15 14:03:49', '2025-06-15 14:03:49'),
(34, 34, 'installee', '2025-06-15 14:05:01', '2025-06-15 14:05:01'),
(35, 35, 'installee', '2025-06-15 14:05:18', '2025-06-15 14:05:18'),
(36, 36, 'installee', '2025-06-15 14:05:49', '2025-06-15 14:05:49'),
(37, 37, 'installee', '2025-06-15 14:06:22', '2025-06-15 14:06:22'),
(38, 38, 'installee', '2025-06-15 14:07:12', '2025-06-15 14:07:12'),
(39, 39, 'installee', '2025-06-15 14:07:46', '2025-06-15 14:07:46'),
(40, 40, 'installee', '2025-06-15 14:08:14', '2025-06-15 14:08:14'),
(41, 41, 'installee', '2025-06-15 14:09:12', '2025-06-15 14:09:12'),
(42, 42, 'installee', '2025-06-15 14:09:41', '2025-06-15 14:09:41'),
(43, 43, 'installee', '2025-06-15 14:10:27', '2025-06-15 14:10:27'),
(44, 44, 'installee', '2025-06-15 14:11:18', '2025-06-15 14:11:18'),
(45, 45, 'installee', '2025-06-15 14:12:07', '2025-06-15 14:12:07'),
(46, 46, 'installee', '2025-06-15 14:12:57', '2025-06-15 14:12:57'),
(47, 47, 'installee', '2025-06-15 14:13:29', '2025-06-15 14:13:29'),
(48, 48, 'installee', '2025-06-15 14:13:56', '2025-06-15 14:13:56'),
(49, 49, 'installee', '2025-06-15 14:14:25', '2025-06-15 14:14:25'),
(50, 50, 'installee', '2025-06-15 14:14:56', '2025-06-15 14:14:56'),
(51, 51, 'installee', '2025-06-15 14:15:44', '2025-06-15 14:15:44'),
(52, 52, 'installee', '2025-06-15 14:16:24', '2025-06-15 14:16:24'),
(53, 53, 'installee', '2025-06-15 14:16:59', '2025-06-15 14:16:59'),
(54, 54, 'installee', '2025-06-15 14:17:36', '2025-06-15 14:17:36'),
(55, 55, 'installee', '2025-06-15 14:18:09', '2025-06-15 14:18:09'),
(56, 56, 'installee', '2025-06-15 14:22:59', '2025-06-15 14:22:59'),
(57, 57, 'installee', '2025-06-15 14:23:37', '2025-06-15 14:23:37'),
(58, 58, 'installee', '2025-06-15 14:24:07', '2025-06-15 14:24:07'),
(59, 59, 'installee', '2025-06-15 14:24:33', '2025-06-15 14:24:33'),
(60, 60, 'installee', '2025-06-15 14:25:03', '2025-06-15 14:25:03'),
(61, 61, 'installee', '2025-06-15 14:25:26', '2025-06-15 14:25:26'),
(62, 62, 'installee', '2025-06-15 14:30:13', '2025-06-15 14:30:13'),
(63, 63, 'installee', '2025-06-15 14:31:05', '2025-06-15 14:31:05'),
(64, 64, 'installee', '2025-06-15 14:31:44', '2025-06-15 14:31:44'),
(65, 65, 'installee', '2025-06-15 14:32:28', '2025-06-15 14:32:28'),
(66, 66, 'installee', '2025-06-15 14:33:05', '2025-06-15 14:33:05'),
(67, 67, 'installee', '2025-06-15 14:33:42', '2025-06-15 14:33:42'),
(68, 68, 'installee', '2025-06-15 14:35:08', '2025-06-15 14:35:08'),
(69, 69, 'installee', '2025-06-15 14:35:49', '2025-06-15 14:35:49'),
(70, 70, 'installee', '2025-06-15 14:36:33', '2025-06-15 14:36:33'),
(71, 71, 'installee', '2025-06-15 14:37:05', '2025-06-15 14:37:05'),
(72, 72, 'installee', '2025-06-15 14:37:30', '2025-06-15 14:37:30'),
(73, 73, 'installee', '2025-06-15 14:37:59', '2025-06-15 14:37:59'),
(74, 74, 'installee', '2025-06-15 14:38:35', '2025-06-15 14:38:35'),
(75, 75, 'installee', '2025-06-15 14:39:18', '2025-06-15 14:39:18'),
(76, 76, 'installee', '2025-06-15 14:40:07', '2025-06-15 14:40:07'),
(77, 77, 'installee', '2025-06-15 14:40:39', '2025-06-15 14:40:39'),
(78, 78, 'installee', '2025-06-15 14:49:50', '2025-06-15 14:49:50'),
(79, 79, 'installee', '2025-06-15 14:50:32', '2025-06-15 14:50:32'),
(80, 80, 'installee', '2025-06-15 14:51:39', '2025-06-15 14:51:39'),
(81, 81, 'installee', '2025-06-15 14:52:34', '2025-06-15 14:52:34'),
(82, 82, 'installee', '2025-06-15 14:53:29', '2025-06-15 14:53:29'),
(83, 83, 'installee', '2025-06-15 14:55:39', '2025-06-15 14:55:39'),
(84, 84, 'installee', '2025-06-15 14:56:05', '2025-06-15 14:56:05'),
(85, 85, 'installee', '2025-06-15 14:57:05', '2025-06-15 14:57:05'),
(86, 86, 'installee', '2025-06-15 14:57:47', '2025-06-15 14:57:47'),
(87, 87, 'installee', '2025-06-15 14:58:19', '2025-06-15 14:58:19'),
(88, 88, 'installee', '2025-06-15 14:59:19', '2025-06-15 14:59:19'),
(89, 89, 'installee', '2025-06-15 15:06:44', '2025-06-15 15:06:44'),
(90, 90, 'installee', '2025-06-15 15:08:11', '2025-06-15 15:08:11'),
(91, 91, 'installee', '2025-06-15 15:10:37', '2025-06-15 15:10:37'),
(92, 92, 'installee', '2025-06-15 15:11:06', '2025-06-15 15:11:06'),
(93, 93, 'installee', '2025-06-15 15:11:51', '2025-06-15 15:11:51'),
(94, 94, 'installee', '2025-06-15 15:12:31', '2025-06-15 15:12:31'),
(95, 95, 'installee', '2025-06-15 15:13:17', '2025-06-15 15:13:17'),
(96, 96, 'installee', '2025-06-15 15:13:56', '2025-06-15 15:13:56'),
(97, 97, 'installee', '2025-06-15 15:14:29', '2025-06-15 15:14:29'),
(98, 98, 'installee', '2025-06-15 15:15:26', '2025-06-15 15:15:26'),
(99, 99, 'installee', '2025-06-15 15:16:14', '2025-06-15 15:16:14'),
(100, 100, 'installee', '2025-06-15 15:16:45', '2025-06-15 15:16:45'),
(101, 101, 'installee', '2025-06-15 15:17:30', '2025-06-15 15:17:30'),
(102, 102, 'installee', '2025-06-15 15:18:06', '2025-06-15 15:18:06'),
(103, 103, 'installee', '2025-06-15 15:19:19', '2025-06-15 15:19:19'),
(104, 104, 'installee', '2025-06-15 15:19:55', '2025-06-15 15:19:55'),
(105, 105, 'installee', '2025-06-15 15:20:34', '2025-06-15 15:20:34'),
(106, 106, 'installee', '2025-06-15 15:21:28', '2025-06-15 15:21:28'),
(107, 107, 'installee', '2025-06-15 15:22:26', '2025-06-15 15:22:26'),
(108, 108, 'installee', '2025-06-15 15:23:50', '2025-06-15 15:23:50'),
(109, 109, 'installee', '2025-06-15 15:24:32', '2025-06-15 15:24:32'),
(110, 110, 'installee', '2025-06-15 15:25:05', '2025-06-15 15:25:05'),
(111, 111, 'installee', '2025-06-15 15:25:58', '2025-06-15 15:25:58'),
(112, 112, 'installee', '2025-06-15 15:27:04', '2025-06-15 15:27:04'),
(113, 113, 'installee', '2025-06-15 15:27:46', '2025-06-15 15:27:46'),
(114, 114, 'installee', '2025-06-15 15:28:18', '2025-06-15 15:28:18'),
(115, 115, 'installee', '2025-06-15 15:29:30', '2025-06-15 15:29:30'),
(116, 116, 'installee', '2025-06-15 15:30:05', '2025-06-15 15:30:05'),
(117, 117, 'installee', '2025-06-15 15:31:21', '2025-06-15 15:31:21'),
(118, 118, 'installee', '2025-06-15 15:31:52', '2025-06-15 15:31:52'),
(119, 119, 'installee', '2025-06-15 15:39:12', '2025-06-15 15:39:12'),
(120, 120, 'installee', '2025-06-15 15:40:55', '2025-06-15 15:40:55'),
(121, 121, 'installee', '2025-06-15 15:41:22', '2025-06-15 15:41:22'),
(122, 122, 'installee', '2025-06-15 15:41:54', '2025-06-15 15:41:54'),
(123, 123, 'installee', '2025-06-15 15:42:35', '2025-06-15 15:42:35'),
(124, 124, 'installee', '2025-06-15 15:43:01', '2025-06-15 15:43:01'),
(125, 125, 'installee', '2025-06-15 15:44:07', '2025-06-15 15:44:07'),
(126, 126, 'installee', '2025-06-15 16:42:08', '2025-06-15 16:42:08'),
(127, 127, 'installee', '2025-06-15 16:43:03', '2025-06-15 16:43:03'),
(128, 128, 'installee', '2025-06-15 16:43:42', '2025-06-15 16:43:42'),
(129, 129, 'installee', '2025-06-15 16:45:26', '2025-06-15 16:45:26'),
(130, 130, 'installee', '2025-06-15 16:47:33', '2025-06-15 16:47:33'),
(131, 131, 'installee', '2025-06-15 16:48:02', '2025-06-15 16:48:02'),
(132, 132, 'installee', '2025-06-15 16:48:49', '2025-06-15 16:48:49'),
(133, 133, 'installee', '2025-06-15 16:49:19', '2025-06-15 16:49:19'),
(134, 134, 'installee', '2025-06-15 16:49:59', '2025-06-15 16:49:59'),
(135, 135, 'installee', '2025-06-15 16:50:23', '2025-06-15 16:50:23'),
(136, 136, 'installee', '2025-06-15 16:50:51', '2025-06-15 16:50:51'),
(137, 137, 'installee', '2025-06-15 16:51:46', '2025-06-15 16:51:46'),
(138, 138, 'installee', '2025-06-15 16:52:12', '2025-06-15 16:52:12'),
(139, 139, 'installee', '2025-06-15 16:52:52', '2025-06-15 16:52:52'),
(140, 140, 'installee', '2025-06-15 16:53:23', '2025-06-15 16:53:23'),
(141, 141, 'installee', '2025-06-15 16:53:47', '2025-06-15 16:53:47'),
(142, 142, 'installee', '2025-06-15 16:54:28', '2025-06-15 16:54:28'),
(143, 143, 'installee', '2025-06-15 16:55:00', '2025-06-15 16:55:00'),
(144, 144, 'installee', '2025-06-15 16:55:38', '2025-06-15 16:55:38'),
(145, 145, 'installee', '2025-06-15 16:56:21', '2025-06-15 16:56:21'),
(146, 146, 'installee', '2025-06-15 16:57:16', '2025-06-15 16:57:16'),
(147, 147, 'installee', '2025-06-15 16:57:42', '2025-06-15 16:57:42'),
(148, 148, 'installee', '2025-06-15 16:58:07', '2025-06-15 16:58:07'),
(149, 149, 'installee', '2025-06-15 16:58:30', '2025-06-15 16:58:30'),
(150, 150, 'installee', '2025-06-15 16:58:58', '2025-06-15 16:58:58'),
(151, 151, 'installee', '2025-06-15 17:02:00', '2025-06-15 17:02:00'),
(152, 152, 'installee', '2025-06-15 17:03:00', '2025-06-15 17:03:00'),
(153, 153, 'installee', '2025-06-15 17:03:32', '2025-06-15 17:03:32'),
(154, 154, 'installee', '2025-06-15 17:04:29', '2025-06-15 17:04:29'),
(155, 155, 'installee', '2025-06-15 17:05:23', '2025-06-15 17:05:23'),
(156, 156, 'installee', '2025-06-15 17:05:58', '2025-06-15 17:05:58'),
(157, 157, 'installee', '2025-06-15 17:06:24', '2025-06-15 17:06:24'),
(158, 158, 'installee', '2025-06-15 17:07:03', '2025-06-15 17:07:03'),
(159, 159, 'installee', '2025-06-15 17:07:55', '2025-06-15 17:07:55'),
(160, 160, 'installee', '2025-06-15 17:08:26', '2025-06-15 17:08:26'),
(161, 161, 'installee', '2025-06-15 17:08:56', '2025-06-15 17:08:56'),
(162, 162, 'installee', '2025-06-15 17:09:24', '2025-06-15 17:09:24'),
(163, 163, 'installee', '2025-06-15 17:09:57', '2025-06-15 17:09:57'),
(164, 164, 'installee', '2025-06-15 17:10:33', '2025-06-15 17:10:33'),
(165, 165, 'installee', '2025-06-15 17:11:02', '2025-06-15 17:11:02'),
(166, 166, 'installee', '2025-06-15 17:11:40', '2025-06-15 17:11:40'),
(167, 167, 'installee', '2025-06-15 17:12:55', '2025-06-15 17:12:55'),
(168, 168, 'installee', '2025-06-15 17:13:24', '2025-06-15 17:13:24'),
(169, 169, 'installee', '2025-06-15 17:14:01', '2025-06-15 17:14:01'),
(170, 170, 'installee', '2025-06-15 17:14:59', '2025-06-15 17:14:59'),
(171, 171, 'installee', '2025-06-15 17:15:27', '2025-06-15 17:15:27'),
(172, 172, 'installee', '2025-06-15 17:16:03', '2025-06-15 17:16:03'),
(173, 173, 'installee', '2025-06-15 17:16:28', '2025-06-15 17:16:28'),
(174, 174, 'installee', '2025-06-15 17:16:52', '2025-06-15 17:16:52'),
(175, 175, 'installee', '2025-06-15 17:17:16', '2025-06-15 17:17:16'),
(176, 176, 'installee', '2025-06-15 17:18:22', '2025-06-15 17:18:22'),
(177, 177, 'installee', '2025-06-15 17:19:05', '2025-06-15 17:19:05'),
(178, 178, 'installee', '2025-06-15 17:19:45', '2025-06-15 17:19:45'),
(179, 179, 'installee', '2025-06-15 17:20:25', '2025-06-15 17:20:25'),
(180, 180, 'installee', '2025-06-15 17:21:03', '2025-06-15 17:21:03'),
(181, 181, 'installee', '2025-06-15 17:21:50', '2025-06-15 17:21:50'),
(182, 182, 'installee', '2025-06-15 17:22:23', '2025-06-15 17:22:23'),
(183, 183, 'installee', '2025-06-15 18:02:33', '2025-06-15 18:02:33'),
(184, 184, 'installee', '2025-06-15 18:03:23', '2025-06-15 18:03:23'),
(185, 185, 'installee', '2025-06-15 18:04:01', '2025-06-15 18:04:01'),
(186, 186, 'installee', '2025-06-15 18:04:33', '2025-06-15 18:04:33'),
(187, 187, 'installee', '2025-06-15 18:05:01', '2025-06-15 18:05:01'),
(188, 188, 'installee', '2025-06-15 18:06:40', '2025-06-15 18:06:40'),
(189, 189, 'installee', '2025-06-15 18:07:31', '2025-06-15 18:07:31'),
(190, 190, 'installee', '2025-06-15 18:14:37', '2025-06-15 18:14:37'),
(191, 191, 'installee', '2025-06-15 18:15:21', '2025-06-15 18:15:21'),
(192, 192, 'installee', '2025-06-15 18:15:43', '2025-06-15 18:15:43'),
(193, 193, 'installee', '2025-06-15 18:17:04', '2025-06-15 18:17:04'),
(194, 194, 'installee', '2025-06-15 18:17:32', '2025-06-15 18:17:32'),
(195, 195, 'installee', '2025-06-15 18:18:06', '2025-06-15 18:18:06'),
(196, 196, 'installee', '2025-06-15 18:18:34', '2025-06-15 18:18:34'),
(197, 197, 'installee', '2025-06-15 18:19:26', '2025-06-15 18:19:26'),
(198, 198, 'installee', '2025-06-15 18:19:55', '2025-06-15 18:19:55'),
(199, 199, 'installee', '2025-06-15 18:20:23', '2025-06-15 18:20:23'),
(200, 200, 'installee', '2025-06-15 18:20:53', '2025-06-15 18:20:53'),
(201, 201, 'installee', '2025-06-15 18:21:19', '2025-06-15 18:21:19'),
(202, 202, 'installee', '2025-06-15 18:22:07', '2025-06-15 18:22:07'),
(203, 203, 'installee', '2025-06-15 18:22:31', '2025-06-15 18:22:31'),
(204, 204, 'installee', '2025-06-15 18:23:00', '2025-06-15 18:23:00'),
(205, 205, 'installee', '2025-06-15 18:23:31', '2025-06-15 18:23:31'),
(206, 206, 'installee', '2025-06-15 18:24:03', '2025-06-15 18:24:03'),
(207, 207, 'installee', '2025-06-15 18:29:38', '2025-06-15 18:29:38'),
(208, 208, 'installee', '2025-06-15 18:29:57', '2025-06-15 18:29:57'),
(209, 209, 'installee', '2025-06-15 18:30:30', '2025-06-15 18:30:30'),
(210, 210, 'installee', '2025-06-15 18:30:54', '2025-06-15 18:30:54'),
(211, 211, 'installee', '2025-06-15 18:31:21', '2025-06-15 18:31:21'),
(212, 212, 'installee', '2025-06-15 18:31:43', '2025-06-15 18:31:43'),
(213, 213, 'installee', '2025-06-15 18:32:11', '2025-06-15 18:32:11'),
(214, 214, 'installee', '2025-06-15 18:33:02', '2025-06-15 18:33:02'),
(215, 215, 'installee', '2025-06-15 18:38:45', '2025-06-15 18:38:45'),
(216, 216, 'installee', '2025-06-15 18:39:13', '2025-06-15 18:39:13'),
(217, 217, 'installee', '2025-06-15 18:39:46', '2025-06-15 18:39:46'),
(218, 218, 'installee', '2025-06-15 18:40:11', '2025-06-15 18:40:11'),
(219, 219, 'installee', '2025-06-15 18:40:46', '2025-06-15 18:40:46'),
(220, 220, 'installee', '2025-06-15 18:41:07', '2025-06-15 18:41:07'),
(221, 221, 'installee', '2025-06-15 18:41:33', '2025-06-15 18:41:33'),
(222, 222, 'installee', '2025-06-15 18:42:00', '2025-06-15 18:42:00'),
(223, 223, 'installee', '2025-06-15 18:42:25', '2025-06-15 18:42:25'),
(224, 224, 'installee', '2025-06-15 18:43:02', '2025-06-15 18:43:02'),
(225, 225, 'installee', '2025-06-15 18:44:15', '2025-06-15 18:44:15'),
(226, 226, 'installee', '2025-06-15 18:44:44', '2025-06-15 18:44:44'),
(227, 227, 'installee', '2025-06-15 18:45:16', '2025-06-15 18:45:16'),
(228, 228, 'installee', '2025-06-15 18:45:36', '2025-06-15 18:45:36'),
(229, 229, 'installee', '2025-06-15 18:46:02', '2025-06-15 18:46:02'),
(230, 230, 'installee', '2025-06-15 18:46:50', '2025-06-15 18:46:50'),
(231, 231, 'installee', '2025-06-15 18:47:12', '2025-06-15 18:47:12'),
(232, 232, 'installee', '2025-06-15 18:47:32', '2025-06-15 18:47:32');

-- --------------------------------------------------------

--
-- Table structure for table `interventions`
--

CREATE TABLE `interventions` (
  `id` bigint(20) UNSIGNED NOT NULL,
  `DATE_INTERVENTION` date NOT NULL,
  `MOTIF` varchar(255) NOT NULL,
  `TRAVAUX` text NOT NULL,
  `created_at` timestamp NULL DEFAULT NULL,
  `updated_at` timestamp NULL DEFAULT NULL
) ENGINE=InnoDB DEFAULT CHARSET=utf8mb4 COLLATE=utf8mb4_unicode_ci;

--
-- Dumping data for table `interventions`
--

INSERT INTO `interventions` (`id`, `DATE_INTERVENTION`, `MOTIF`, `TRAVAUX`, `created_at`, `updated_at`) VALUES
(1, '2025-06-22', 'COM', '• Défaut de lecture des nœuds des : Z2M114 et 101 ayant assuré 4 TNR qui ont subi un retard moyen de 10 mn et 6 autres TNR ont subi un retard moyen de 5 mn.\nDisjonction avec difficulté de réarmement de la Z2M108 du TNR 3 qui a prolongé son stationnement à la halte de Salé Ville et à Salé Tabriquet et a cumulé 6 mn de retard. Le TNR 14 a subi 6 mn de retard.', '2025-06-15 11:20:27', '2025-06-15 11:20:27');

-- --------------------------------------------------------

--
-- Table structure for table `maintenances`
--

CREATE TABLE `maintenances` (
  `id` bigint(20) UNSIGNED NOT NULL,
  `DATE_MAINTENANCE` date NOT NULL,
  `SIGNALEMENT_MAINTENANCE` text NOT NULL,
  `ANOMALIE_MAINTENANCE` text NOT NULL,
  `ORGANE_MAINTENANCE` varchar(255) NOT NULL,
  `created_at` timestamp NULL DEFAULT NULL,
  `updated_at` timestamp NULL DEFAULT NULL
) ENGINE=InnoDB DEFAULT CHARSET=utf8mb4 COLLATE=utf8mb4_unicode_ci;

--
-- Dumping data for table `maintenances`
--

INSERT INTO `maintenances` (`id`, `DATE_MAINTENANCE`, `SIGNALEMENT_MAINTENANCE`, `ANOMALIE_MAINTENANCE`, `ORGANE_MAINTENANCE`, `created_at`, `updated_at`) VALUES
(2, '2025-06-27', '• Défaut de lecture des nœuds des : Z2M114 et 101 ayant assuré 4 TNR qui ont subi un retard moyen de 10 mn et 6 autres TNR ont subi un retard moyen de 5 mn.\nDisjonction avec difficulté de réarmement de la Z2M108 du TNR 3 qui a prolongé son stationnement à la halte de Salé Ville et à Salé Tabriquet et a cumulé 6 mn de retard. Le TNR 14 a subi 6 mn de retard.', '• Défaut de lecture des nœuds des : Z2M114 et 101 ayant assuré 4 TNR qui ont subi un retard moyen de 10 mn et 6 autres TNR ont subi un retard moyen de 5 mn.\nDisjonction avec difficulté de réarmement de la Z2M108 du TNR 3 qui a prolongé son stationnement à la halte de Salé Ville et à Salé Tabriquet et a cumulé 6 mn de retard. Le TNR 14 a subi 6 mn de retard.', 'Carte COM', '2025-06-15 11:19:43', '2025-06-15 11:19:43');

-- --------------------------------------------------------

--
-- Table structure for table `migrations`
--

CREATE TABLE `migrations` (
  `id` int(10) UNSIGNED NOT NULL,
  `migration` varchar(255) NOT NULL,
  `batch` int(11) NOT NULL
) ENGINE=InnoDB DEFAULT CHARSET=utf8mb4 COLLATE=utf8mb4_unicode_ci;

--
-- Dumping data for table `migrations`
--

INSERT INTO `migrations` (`id`, `migration`, `batch`) VALUES
(62, '2013_12_22_164249_create_users_table', 1),
(63, '2014_10_11_102919_create_rames_table', 1),
(64, '2014_10_12_000000_create_raks_table', 1),
(65, '2014_10_12_100000_create_cartes_table', 1),
(66, '2014_10_12_200000_create_remplacement_cartes_table', 1),
(67, '2014_10_12_202708_create_historique_cartes_table', 1),
(68, '2019_08_19_000000_create_pannes_table', 1),
(69, '2019_12_14_000001_create_personal_access_tokens_table', 1),
(70, '2019_12_14_000001_create_subirs_table', 1),
(71, '2024_12_22_164257_create_maintenance_table', 1),
(72, '2024_12_22_164308_create_intervention_table', 1);

-- --------------------------------------------------------

--
-- Table structure for table `pannes`
--

CREATE TABLE `pannes` (
  `id` bigint(20) UNSIGNED NOT NULL,
  `DESCRIPTION_PANNE` varchar(225) NOT NULL,
  `GRAVITE_PANNE` varchar(225) NOT NULL,
  `created_at` timestamp NULL DEFAULT NULL,
  `updated_at` timestamp NULL DEFAULT NULL
) ENGINE=InnoDB DEFAULT CHARSET=utf8mb4 COLLATE=utf8mb4_unicode_ci;

-- --------------------------------------------------------

--
-- Table structure for table `personal_access_tokens`
--

CREATE TABLE `personal_access_tokens` (
  `id` bigint(20) UNSIGNED NOT NULL,
  `tokenable_type` varchar(255) NOT NULL,
  `tokenable_id` bigint(20) UNSIGNED NOT NULL,
  `name` varchar(255) NOT NULL,
  `token` varchar(64) NOT NULL,
  `abilities` text DEFAULT NULL,
  `last_used_at` timestamp NULL DEFAULT NULL,
  `expires_at` timestamp NULL DEFAULT NULL,
  `created_at` timestamp NULL DEFAULT NULL,
  `updated_at` timestamp NULL DEFAULT NULL
) ENGINE=InnoDB DEFAULT CHARSET=utf8mb4 COLLATE=utf8mb4_unicode_ci;

--
-- Dumping data for table `personal_access_tokens`
--

INSERT INTO `personal_access_tokens` (`id`, `tokenable_type`, `tokenable_id`, `name`, `token`, `abilities`, `last_used_at`, `expires_at`, `created_at`, `updated_at`) VALUES
(1, 'App\\Models\\User', 1, 'auth_token', '83a7f084f8427088a24a0439976fa44afc715e930a28ca404e38fc22b3b31c4f', '[\"*\"]', NULL, NULL, '2025-06-15 11:36:16', '2025-06-15 11:36:16'),
(2, 'App\\Models\\User', 1, 'auth_token', '2cc792b89c2cc8756b009cc7ec47785be28cfd0acdba1f621ef910a5ed0794e7', '[\"*\"]', NULL, NULL, '2025-06-15 11:36:18', '2025-06-15 11:36:18'),
(3, 'App\\Models\\User', 2, 'auth_token', '682ed9efbe43bb2883970a93e7a465b2033de459d49f2a6f01cf1fe613ff8ac7', '[\"*\"]', NULL, NULL, '2025-06-15 11:38:26', '2025-06-15 11:38:26');

-- --------------------------------------------------------

--
-- Table structure for table `raks`
--

CREATE TABLE `raks` (
  `id` bigint(20) UNSIGNED NOT NULL,
  `ID_RAME` bigint(20) UNSIGNED NOT NULL,
  `MOTRICE` enum('M','MH') NOT NULL,
  `NOM_RAK` varchar(50) NOT NULL,
  `created_at` timestamp NULL DEFAULT NULL,
  `updated_at` timestamp NULL DEFAULT NULL
) ENGINE=InnoDB DEFAULT CHARSET=utf8mb4 COLLATE=utf8mb4_unicode_ci;

--
-- Dumping data for table `raks`
--

INSERT INTO `raks` (`id`, `ID_RAME`, `MOTRICE`, `NOM_RAK`, `created_at`, `updated_at`) VALUES
(4, 2, 'M', 'GTW 17', '2025-06-15 13:00:22', '2025-06-15 13:00:22'),
(5, 2, 'MH', 'GTW 38', '2025-06-15 13:01:15', '2025-06-15 13:01:15'),
(6, 3, 'M', 'GTW 14', '2025-06-15 13:01:39', '2025-06-15 13:01:39'),
(7, 3, 'MH', 'GTW 46', '2025-06-15 13:01:56', '2025-06-15 13:01:56'),
(8, 4, 'M', 'GTW 37', '2025-06-15 13:02:28', '2025-06-15 13:02:28'),
(9, 4, 'MH', 'GTW 48', '2025-06-15 13:02:43', '2025-06-15 13:02:43'),
(10, 5, 'M', 'GTW 12', '2025-06-15 13:03:06', '2025-06-15 13:03:06'),
(11, 5, 'MH', 'GTW 29', '2025-06-15 13:03:25', '2025-06-15 13:45:12'),
(12, 6, 'M', 'GTW 5', '2025-06-15 13:03:47', '2025-06-15 13:03:47'),
(13, 6, 'MH', 'GTW 23', '2025-06-15 13:04:04', '2025-06-15 13:04:04'),
(14, 7, 'M', 'GTW 28', '2025-06-15 13:05:17', '2025-06-15 13:05:17'),
(15, 7, 'MH', 'GTW 222', '2025-06-15 13:05:33', '2025-06-15 13:05:33'),
(16, 8, 'M', 'GTW 1', '2025-06-15 13:07:44', '2025-06-15 13:07:44'),
(17, 8, 'MH', 'GTW 34', '2025-06-15 13:08:23', '2025-06-15 13:08:23'),
(18, 9, 'M', 'GTW 7', '2025-06-15 13:08:43', '2025-06-15 13:09:17'),
(19, 9, 'MH', 'GTW 251', '2025-06-15 13:09:01', '2025-06-15 13:09:01'),
(20, 10, 'M', 'GTW 11', '2025-06-15 13:09:52', '2025-06-15 13:09:52'),
(21, 10, 'MH', 'GTW 316', '2025-06-15 13:10:08', '2025-06-15 13:10:08'),
(22, 11, 'M', 'GTW 33', '2025-06-15 13:10:39', '2025-06-15 13:10:39'),
(23, 11, 'MH', 'GTW 26', '2025-06-15 13:10:55', '2025-06-15 13:10:55'),
(24, 12, 'M', 'GTW 15', '2025-06-15 13:11:48', '2025-06-15 13:11:48'),
(25, 12, 'MH', 'GTW 35', '2025-06-15 13:12:08', '2025-06-15 13:12:08'),
(26, 13, 'M', 'GTW 45', '2025-06-15 13:13:26', '2025-06-15 13:16:00'),
(27, 13, 'MH', 'GTW 20', '2025-06-15 13:13:50', '2025-06-15 13:16:06'),
(28, 14, 'M', 'GTW 13', '2025-06-15 13:14:51', '2025-06-15 13:16:20'),
(29, 14, 'MH', 'GTW 31', '2025-06-15 13:15:09', '2025-06-15 13:16:25'),
(30, 15, 'M', 'GTW 8', '2025-06-15 13:17:21', '2025-06-15 13:17:21'),
(31, 15, 'MH', 'GTW 44', '2025-06-15 13:17:38', '2025-06-15 13:17:38'),
(32, 16, 'M', 'GTW 9', '2025-06-15 13:18:08', '2025-06-15 13:18:08'),
(33, 16, 'MH', 'GTW 0101', '2025-06-15 13:18:26', '2025-06-15 13:18:26'),
(34, 17, 'M', 'GTW 10', '2025-06-15 13:19:04', '2025-06-15 13:19:04'),
(35, 17, 'MH', 'GTW 39', '2025-06-15 13:19:28', '2025-06-15 13:19:28'),
(36, 19, 'M', 'GTW 32', '2025-06-15 13:20:15', '2025-06-15 13:21:12'),
(37, 19, 'MH', 'GTW 02', '2025-06-15 13:20:33', '2025-06-15 13:21:20'),
(38, 20, 'M', 'GTW 04', '2025-06-15 13:21:48', '2025-06-15 13:21:48'),
(39, 20, 'MH', 'GTW 22', '2025-06-15 13:22:07', '2025-06-15 13:22:07'),
(40, 22, 'M', 'GTW 25', '2025-06-15 13:22:45', '2025-06-15 13:22:45'),
(41, 22, 'MH', 'GTW 50', '2025-06-15 13:23:12', '2025-06-15 13:23:12');

-- --------------------------------------------------------

--
-- Table structure for table `rames`
--

CREATE TABLE `rames` (
  `id` bigint(20) UNSIGNED NOT NULL,
  `NUMERO_RAME` varchar(20) NOT NULL,
  `TYPE_RAME` varchar(20) NOT NULL,
  `DERNIERE_MAINTENANCE` date DEFAULT NULL,
  `PROCHAINE_MAINTENANCE` date DEFAULT NULL,
  `created_at` timestamp NULL DEFAULT NULL,
  `updated_at` timestamp NULL DEFAULT NULL
) ENGINE=InnoDB DEFAULT CHARSET=utf8mb4 COLLATE=utf8mb4_unicode_ci;

--
-- Dumping data for table `rames`
--

INSERT INTO `rames` (`id`, `NUMERO_RAME`, `TYPE_RAME`, `DERNIERE_MAINTENANCE`, `PROCHAINE_MAINTENANCE`, `created_at`, `updated_at`) VALUES
(1, '101', 'Z2M', '2025-06-05', '2025-07-06', '2025-06-15 11:16:59', '2025-06-15 11:16:59'),
(2, '102', 'Z2M', '2025-06-05', '2025-07-06', '2025-06-15 12:51:31', '2025-06-15 12:51:31'),
(3, '103', 'Z2M', '2025-06-05', '2025-07-06', '2025-06-15 12:51:40', '2025-06-15 12:51:40'),
(4, '104', 'Z2M', '2025-06-05', '2025-07-06', '2025-06-15 12:51:56', '2025-06-15 12:51:56'),
(5, '105', 'Z2M', '2025-06-05', '2025-07-06', '2025-06-15 12:52:13', '2025-06-15 12:52:13'),
(6, '106', 'Z2M', '2025-06-05', '2025-07-06', '2025-06-15 12:52:26', '2025-06-15 12:52:26'),
(7, '108', 'Z2M', '2025-06-05', '2025-07-06', '2025-06-15 12:52:45', '2025-06-15 12:52:45'),
(8, '109', 'Z2M', '2025-06-05', '2025-07-06', '2025-06-15 12:52:54', '2025-06-15 12:52:54'),
(9, '110', 'Z2M', '2025-06-05', '2025-07-06', '2025-06-15 12:53:04', '2025-06-15 12:53:04'),
(10, '111', 'Z2M', '2025-06-05', '2025-07-06', '2025-06-15 12:53:17', '2025-06-15 12:53:17'),
(11, '112', 'Z2M', '2025-06-05', '2025-07-06', '2025-06-15 12:53:30', '2025-06-15 12:53:30'),
(12, '113', 'Z2M', '2025-06-05', '2025-07-06', '2025-06-15 12:53:42', '2025-06-15 12:53:42'),
(13, '114', 'Z2M', '2025-06-05', '2025-07-06', '2025-06-15 12:53:51', '2025-06-15 12:53:51'),
(14, '115', 'Z2M', '2025-06-05', '2025-07-06', '2025-06-15 12:54:02', '2025-06-15 12:54:02'),
(15, '116', 'Z2M', '2025-06-05', '2025-07-06', '2025-06-15 12:54:10', '2025-06-15 12:54:10'),
(16, '117', 'Z2M', '2025-06-05', '2025-07-06', '2025-06-15 12:54:27', '2025-06-15 12:54:27'),
(17, '118', 'Z2M', '2025-06-05', '2025-07-06', '2025-06-15 12:54:35', '2025-06-15 12:54:35'),
(18, '119', 'Z2M', '2025-06-05', '2025-07-06', '2025-06-15 12:54:53', '2025-06-15 12:54:53'),
(19, '120', 'Z2M', '2025-06-05', '2025-07-06', '2025-06-15 12:55:13', '2025-06-15 12:55:13'),
(20, '121', 'Z2M', '2025-06-05', '2025-07-06', '2025-06-15 12:55:27', '2025-06-15 12:55:27'),
(21, '122', 'Z2M', '2025-06-05', '2025-07-06', '2025-06-15 12:55:54', '2025-06-15 12:55:54'),
(22, '124', 'Z2M', '2025-06-05', '2025-07-06', '2025-06-15 12:56:06', '2025-06-15 12:56:06');

-- --------------------------------------------------------

--
-- Table structure for table `remplacement_cartes`
--

CREATE TABLE `remplacement_cartes` (
  `id` bigint(20) UNSIGNED NOT NULL,
  `ID_CARTE_ANCIENNE` bigint(20) UNSIGNED NOT NULL,
  `ID_CARTE_NOUVELLE` bigint(20) UNSIGNED NOT NULL,
  `DATE_REMPLACEMENT` date NOT NULL,
  `CAUSE_REMPLACEMENT` varchar(100) NOT NULL,
  `OBSERVATIONS` text DEFAULT NULL,
  `created_at` timestamp NULL DEFAULT NULL,
  `updated_at` timestamp NULL DEFAULT NULL
) ENGINE=InnoDB DEFAULT CHARSET=utf8mb4 COLLATE=utf8mb4_unicode_ci;

-- --------------------------------------------------------

--
-- Table structure for table `subirs`
--

CREATE TABLE `subirs` (
  `ID_CARTE` bigint(20) UNSIGNED NOT NULL,
  `ID_PANNE` bigint(20) UNSIGNED NOT NULL,
  `created_at` timestamp NULL DEFAULT NULL,
  `updated_at` timestamp NULL DEFAULT NULL
) ENGINE=InnoDB DEFAULT CHARSET=utf8mb4 COLLATE=utf8mb4_unicode_ci;

-- --------------------------------------------------------

--
-- Table structure for table `users`
--

CREATE TABLE `users` (
  `id` bigint(20) UNSIGNED NOT NULL,
  `NOM_UTILISATEUR` varchar(50) NOT NULL,
  `PRENOM_UTILISATEUR` varchar(50) NOT NULL,
  `NUMERO_TELEPHONE` varchar(50) NOT NULL,
  `email` varchar(255) NOT NULL,
  `password` varchar(225) NOT NULL,
  `ROLE_UTILISATEUR` varchar(225) NOT NULL,
  `created_at` timestamp NULL DEFAULT NULL,
  `updated_at` timestamp NULL DEFAULT NULL
) ENGINE=InnoDB DEFAULT CHARSET=utf8mb4 COLLATE=utf8mb4_unicode_ci;

--
-- Dumping data for table `users`
--

INSERT INTO `users` (`id`, `NOM_UTILISATEUR`, `PRENOM_UTILISATEUR`, `NUMERO_TELEPHONE`, `email`, `password`, `ROLE_UTILISATEUR`, `created_at`, `updated_at`) VALUES
(1, 'admin', 'admin', '1234567890', 'rihab@gmail.com', '$2y$12$mA/hV/mR.pM2IwVUIgiS..34XkNiu10q1B7rYky9F6P7IMQlfDAe2', 'admin', '2025-06-15 11:14:16', '2025-06-15 11:14:16'),
(2, 'Bani', 'Rihab', '0604781467', 'rihab.bani@uit.ac.ma', '$2y$12$8Gaz.4h/A/zHUuZHpqqW/.Bxb61GHMaLhFl96/X3d0fCQhD2KEMvS', 'admin', '2025-06-15 11:37:59', '2025-06-15 11:37:59');

--
-- Indexes for dumped tables
--

--
-- Indexes for table `cartes`
--
ALTER TABLE `cartes`
  ADD PRIMARY KEY (`id`),
  ADD KEY `cartes_id_rak_foreign` (`ID_RAK`);

--
-- Indexes for table `historique_cartes`
--
ALTER TABLE `historique_cartes`
  ADD PRIMARY KEY (`id`),
  ADD KEY `historique_cartes_id_carte_foreign` (`ID_CARTE`);

--
-- Indexes for table `interventions`
--
ALTER TABLE `interventions`
  ADD PRIMARY KEY (`id`);

--
-- Indexes for table `maintenances`
--
ALTER TABLE `maintenances`
  ADD PRIMARY KEY (`id`);

--
-- Indexes for table `migrations`
--
ALTER TABLE `migrations`
  ADD PRIMARY KEY (`id`);

--
-- Indexes for table `pannes`
--
ALTER TABLE `pannes`
  ADD PRIMARY KEY (`id`);

--
-- Indexes for table `personal_access_tokens`
--
ALTER TABLE `personal_access_tokens`
  ADD PRIMARY KEY (`id`),
  ADD UNIQUE KEY `personal_access_tokens_token_unique` (`token`),
  ADD KEY `personal_access_tokens_tokenable_type_tokenable_id_index` (`tokenable_type`,`tokenable_id`);

--
-- Indexes for table `raks`
--
ALTER TABLE `raks`
  ADD PRIMARY KEY (`id`),
  ADD KEY `raks_id_rame_foreign` (`ID_RAME`);

--
-- Indexes for table `rames`
--
ALTER TABLE `rames`
  ADD PRIMARY KEY (`id`);

--
-- Indexes for table `remplacement_cartes`
--
ALTER TABLE `remplacement_cartes`
  ADD PRIMARY KEY (`id`),
  ADD KEY `remplacement_cartes_id_carte_ancienne_foreign` (`ID_CARTE_ANCIENNE`),
  ADD KEY `remplacement_cartes_id_carte_nouvelle_foreign` (`ID_CARTE_NOUVELLE`);

--
-- Indexes for table `subirs`
--
ALTER TABLE `subirs`
  ADD PRIMARY KEY (`ID_CARTE`,`ID_PANNE`),
  ADD KEY `subirs_id_panne_foreign` (`ID_PANNE`);

--
-- Indexes for table `users`
--
ALTER TABLE `users`
  ADD PRIMARY KEY (`id`),
  ADD UNIQUE KEY `users_email_unique` (`email`);

--
-- AUTO_INCREMENT for dumped tables
--

--
-- AUTO_INCREMENT for table `cartes`
--
ALTER TABLE `cartes`
  MODIFY `id` bigint(20) UNSIGNED NOT NULL AUTO_INCREMENT, AUTO_INCREMENT=233;

--
-- AUTO_INCREMENT for table `historique_cartes`
--
ALTER TABLE `historique_cartes`
  MODIFY `id` bigint(20) UNSIGNED NOT NULL AUTO_INCREMENT, AUTO_INCREMENT=233;

--
-- AUTO_INCREMENT for table `interventions`
--
ALTER TABLE `interventions`
  MODIFY `id` bigint(20) UNSIGNED NOT NULL AUTO_INCREMENT, AUTO_INCREMENT=2;

--
-- AUTO_INCREMENT for table `maintenances`
--
ALTER TABLE `maintenances`
  MODIFY `id` bigint(20) UNSIGNED NOT NULL AUTO_INCREMENT, AUTO_INCREMENT=3;

--
-- AUTO_INCREMENT for table `migrations`
--
ALTER TABLE `migrations`
  MODIFY `id` int(10) UNSIGNED NOT NULL AUTO_INCREMENT, AUTO_INCREMENT=73;

--
-- AUTO_INCREMENT for table `pannes`
--
ALTER TABLE `pannes`
  MODIFY `id` bigint(20) UNSIGNED NOT NULL AUTO_INCREMENT;

--
-- AUTO_INCREMENT for table `personal_access_tokens`
--
ALTER TABLE `personal_access_tokens`
  MODIFY `id` bigint(20) UNSIGNED NOT NULL AUTO_INCREMENT, AUTO_INCREMENT=4;

--
-- AUTO_INCREMENT for table `raks`
--
ALTER TABLE `raks`
  MODIFY `id` bigint(20) UNSIGNED NOT NULL AUTO_INCREMENT, AUTO_INCREMENT=42;

--
-- AUTO_INCREMENT for table `rames`
--
ALTER TABLE `rames`
  MODIFY `id` bigint(20) UNSIGNED NOT NULL AUTO_INCREMENT, AUTO_INCREMENT=23;

--
-- AUTO_INCREMENT for table `remplacement_cartes`
--
ALTER TABLE `remplacement_cartes`
  MODIFY `id` bigint(20) UNSIGNED NOT NULL AUTO_INCREMENT;

--
-- AUTO_INCREMENT for table `users`
--
ALTER TABLE `users`
  MODIFY `id` bigint(20) UNSIGNED NOT NULL AUTO_INCREMENT, AUTO_INCREMENT=3;

--
-- Constraints for dumped tables
--

--
-- Constraints for table `cartes`
--
ALTER TABLE `cartes`
  ADD CONSTRAINT `cartes_id_rak_foreign` FOREIGN KEY (`ID_RAK`) REFERENCES `raks` (`id`);

--
-- Constraints for table `historique_cartes`
--
ALTER TABLE `historique_cartes`
  ADD CONSTRAINT `historique_cartes_id_carte_foreign` FOREIGN KEY (`ID_CARTE`) REFERENCES `cartes` (`id`) ON DELETE CASCADE;

--
-- Constraints for table `raks`
--
ALTER TABLE `raks`
  ADD CONSTRAINT `raks_id_rame_foreign` FOREIGN KEY (`ID_RAME`) REFERENCES `rames` (`id`);

--
-- Constraints for table `remplacement_cartes`
--
ALTER TABLE `remplacement_cartes`
  ADD CONSTRAINT `remplacement_cartes_id_carte_ancienne_foreign` FOREIGN KEY (`ID_CARTE_ANCIENNE`) REFERENCES `cartes` (`id`) ON DELETE CASCADE,
  ADD CONSTRAINT `remplacement_cartes_id_carte_nouvelle_foreign` FOREIGN KEY (`ID_CARTE_NOUVELLE`) REFERENCES `cartes` (`id`) ON DELETE CASCADE;

--
-- Constraints for table `subirs`
--
ALTER TABLE `subirs`
  ADD CONSTRAINT `subirs_id_carte_foreign` FOREIGN KEY (`ID_CARTE`) REFERENCES `cartes` (`id`),
  ADD CONSTRAINT `subirs_id_panne_foreign` FOREIGN KEY (`ID_PANNE`) REFERENCES `pannes` (`id`);
COMMIT;

/*!40101 SET CHARACTER_SET_CLIENT=@OLD_CHARACTER_SET_CLIENT */;
/*!40101 SET CHARACTER_SET_RESULTS=@OLD_CHARACTER_SET_RESULTS */;
/*!40101 SET COLLATION_CONNECTION=@OLD_COLLATION_CONNECTION */;
